Year,Q1_5d,Q5_5d,Spread (Q5-Q1)
2016,0.0011182992434772175,0.0009048890089386772,-0.0002134102345385402
2017,0.0007904427926689961,1.1399944479089827e-05,-0.0007790428481899063
2018,-0.003972138787863051,-0.0027078776717623697,0.0012642611161006812
2019,-0.0012912712792323097,-0.0020054111529543514,-0.0007141398737220417
2020,0.0020476378739027225,-0.00020268034416057648,-0.002250318218063299
2021,0.00215210019287954,0.0020431122581660473,-0.00010898793471349286
2022,-0.0009391795354989612,0.001519531307040748,0.0024587108425397092
2023,0.001966796967684697,0.0038838339486999877,0.0019170369810152907
2024,0.00043228584460042126,-0.0005791177609139883,-0.0010114036055144096
